,0
0,100.0
1,99.88
2,100.32
3,100.6
4,100.4
5,100.05
6,100.56
7,100.53
8,99.69
9,100.31
10,99.61
11,102.19
12,103.0
13,102.24
14,104.6
15,105.39
16,105.31
17,106.71
18,107.71
19,106.14
20,107.84
21,108.66
22,108.22
23,106.84
24,107.45
25,107.69
26,107.99
27,109.49
28,111.74
29,113.53
30,113.81
31,113.1
32,112.79
33,112.5
34,113.16
35,115.37
36,112.34
37,112.3
38,111.96
39,111.52
40,114.02
41,114.31
42,114.71
43,113.16
44,112.76
45,112.79
46,112.75
47,110.57
48,108.82
49,111.2
50,111.64
51,111.73
52,111.15
53,111.1
54,111.63
55,111.06
56,110.78
57,111.16
58,109.43
59,109.94
60,108.8
61,108.73
62,109.09
63,109.93
64,111.26
65,111.46
66,110.47
67,109.78
68,109.11
69,108.92
70,109.87
71,108.12
72,109.89
73,109.99
74,111.79
75,112.63
76,113.98
77,111.39
78,109.02
79,110.15
80,108.94
81,111.4
82,116.09
83,112.0
84,110.42
85,113.55
86,113.65
87,114.4
88,113.75
89,113.63
90,116.26
91,119.07
92,125.61
93,122.34
94,124.68
95,128.89
96,129.93
97,138.89
98,142.15
99,145.13
100,147.26
101,137.49
102,143.24
103,140.89
104,142.92
105,149.5
106,152.62
107,147.78
108,151.6
109,153.95
110,157.09
111,152.13
112,145.25
113,139.53
114,139.86
115,138.71
116,136.2
117,146.71
118,151.45
119,146.18
120,140.7
121,133.98
122,147.45
123,148.46
124,158.79
125,164.64
126,159.55
127,169.69
128,181.64
129,173.61
130,171.77
131,171.74
132,162.38
133,170.99
134,169.21
135,166.2
136,166.66
137,160.02
138,155.82
139,154.78
140,152.94
141,156.12
142,154.07
143,166.37
144,162.03
145,159.36
146,156.01
147,161.26
148,156.36
149,160.96
150,161.72
151,161.45
152,161.38
153,160.27
154,158.36
155,157.23
156,152.69
157,154.62
158,153.37
159,153.13
160,154.12
161,155.28
162,161.47
163,160.1
164,164.66
165,162.94
166,164.96
167,165.13
168,163.54
169,165.09
170,167.84
171,170.06
172,165.56
173,165.54
174,162.05
175,157.66
176,162.83
177,161.88
178,161.88
179,162.98
180,169.63
181,171.63
182,171.07
183,164.98
184,165.86
185,170.24
186,171.11
187,173.98
188,179.62
189,177.66
190,173.36
191,177.23
192,172.43
193,180.41
194,185.29
195,187.18
196,201.26
197,203.13
198,201.89
199,198.17
200,193.99
201,192.99
202,188.92
203,187.9
204,188.0
205,187.04
206,187.26
207,182.29
208,183.51
209,184.48
210,184.63
211,183.28
212,183.39
213,180.94
214,182.68
215,184.42
216,192.12
217,189.39
218,192.9
219,183.83
220,183.73
221,182.62
222,180.71
223,181.88
224,178.04
225,181.24
226,184.22
227,175.08
228,179.56
229,180.06
230,180.92
231,182.65
232,184.08
233,188.04
234,189.18
235,186.93
236,186.4
237,180.08
238,179.92
239,181.74
240,180.25
241,181.57
242,180.05
243,181.02
244,180.89
245,181.92
246,185.79
247,188.4
248,186.65
249,187.83
250,187.76
251,186.46
252,180.53
253,184.8
254,183.14
255,181.02
256,181.72
257,180.18
258,181.86
259,180.9
260,180.46
261,182.9
262,184.45
263,182.97
264,183.42
265,183.64
266,184.11
267,181.41
268,180.41
269,180.92
270,178.05
271,178.36
272,176.51
273,176.44
274,177.37
275,177.54
276,177.32
277,177.58
278,177.92
279,176.54
280,175.7
281,176.03
282,176.03
283,173.89
284,174.57
285,173.21
286,174.06
287,175.45
288,174.83
289,174.59
290,172.99
291,171.74
292,171.76
293,172.08
294,172.44
295,171.4
296,171.41
297,171.23
298,171.36
299,171.43
300,173.7
301,175.17
302,176.31
303,175.91
304,174.98
305,172.83
306,172.48
307,171.02
308,169.63
309,168.25
310,167.81
311,167.45
312,168.47
313,168.68
314,168.33
315,167.48
316,168.33
317,168.67
318,168.39
319,168.48
320,170.65
321,169.03
322,168.39
323,168.78
324,168.72
325,170.31
326,173.39
327,172.19
328,174.8
329,173.52
330,173.49
331,173.29
332,172.39
333,173.73
334,172.28
335,172.14
336,172.32
337,171.45
338,172.86
339,171.88
340,168.69
341,168.44
342,168.46
343,170.13
344,171.09
345,171.18
346,172.26
347,174.55
348,175.11
349,175.74
350,176.74
351,176.52
352,178.18
353,181.23
354,180.57
355,179.83
356,182.88
357,179.8
358,179.77
359,183.55
360,180.33
361,179.81
362,183.21
363,184.9
364,185.73
365,185.97
366,187.52
367,190.57
368,189.38
369,185.18
370,185.59
371,185.32
372,185.98
373,186.57
374,183.92
375,186.46
376,185.24
377,184.35
378,181.69
379,185.38
380,186.03
381,186.38
382,185.2
383,183.01
384,183.78
385,179.29
386,178.32
387,174.67
388,176.65
389,180.62
390,179.7
391,179.31
392,180.51
393,180.52
394,181.17
395,179.24
396,182.32
397,182.0
398,181.62
399,181.34
400,179.9
401,180.49
402,181.57
403,179.39
404,177.83
405,178.74
406,177.56
407,180.17
408,178.58
409,178.63
410,176.32
411,176.34
412,178.95
413,177.71
414,174.89
415,174.23
416,172.75
417,172.22
418,171.42
419,172.14
420,172.87
421,173.28
422,174.03
423,173.85
424,173.5
425,175.39
426,174.71
427,173.87
428,173.6
429,174.02
430,173.73
431,173.27
432,174.78
433,172.87
434,174.39
435,173.16
436,172.9
437,169.86
438,170.21
439,170.51
440,171.49
441,171.32
442,170.79
443,170.9
444,170.37
445,171.93
446,171.24
447,170.7
448,171.71
449,172.64
450,173.18
451,171.7
452,169.76
453,170.35
454,170.69
455,171.22
456,170.65
457,171.2
458,171.95
459,172.8
460,174.08
461,175.2
462,175.81
463,173.49
464,172.51
465,173.11
466,173.03
467,173.21
468,173.78
469,173.26
470,175.08
471,173.31
472,171.7
473,172.59
474,174.0
475,173.84
476,174.52
477,174.36
478,176.22
479,178.2
480,178.61
481,176.92
482,178.05
483,176.73
484,175.66
485,174.82
486,173.93
487,175.02
488,173.87
489,173.42
490,171.57
491,172.19
492,171.69
493,171.45
494,171.84
495,171.19
496,171.66
497,172.64
498,172.52
499,171.86
500,171.91
501,171.69
502,172.25
503,170.46
504,169.18
505,171.89
506,172.81
507,173.57
508,172.64
509,173.21
510,170.34
511,170.63
512,170.78
513,167.97
514,166.22
515,166.86
516,166.45
517,166.04
518,165.57
519,164.88
520,164.26
521,163.15
522,162.22
523,161.32
524,161.61
525,161.49
526,161.25
527,160.33
528,160.26
529,159.78
530,157.56
531,157.55
532,158.32
533,158.0
534,159.55
535,159.16
536,159.29
537,159.61
538,159.29
539,158.84
540,159.31
541,159.82
542,160.46
543,160.35
544,160.58
545,161.51
546,161.85
547,160.34
548,162.16
549,159.82
550,159.11
551,158.83
552,158.75
553,159.36
554,158.65
555,159.11
556,158.86
557,158.81
558,159.08
559,158.82
560,158.54
561,160.33
562,157.65
563,157.26
564,158.12
565,157.91
566,157.32
567,156.71
568,157.71
569,158.05
570,157.77
571,156.37
572,156.64
573,157.46
574,157.71
575,155.99
576,154.59
577,155.33
578,155.56
579,154.91
580,155.98
581,155.85
582,159.87
583,162.58
584,160.56
585,159.78
586,160.03
587,158.99
588,158.5
589,156.69
590,158.06
591,157.51
592,157.56
593,156.61
594,156.78
595,155.56
596,155.55
597,153.35
598,151.9
599,152.25
600,153.04
601,152.69
602,152.65
603,152.71
604,152.2
605,152.73
606,153.54
607,152.32
608,151.12
609,151.47
610,150.25
611,150.87
612,151.07
613,152.27
614,153.76
615,155.48
616,154.24
617,152.03
618,152.17
619,153.39
620,151.56
621,151.3
622,151.55
623,152.83
624,153.34
625,153.05
626,151.24
627,151.87
628,155.5
629,156.15
630,156.33
631,155.59
632,155.21
633,154.39
634,154.09
635,153.83
636,152.46
637,152.91
638,152.28
639,152.18
640,152.37
641,151.78
642,150.3
643,148.58
644,149.02
645,149.16
646,150.07
647,148.81
648,148.17
649,148.57
650,148.27
651,148.34
652,148.37
653,149.75
654,149.83
655,148.82
656,148.37
657,148.64
658,147.94
659,146.95
660,147.17
661,147.99
662,149.89
663,149.54
664,149.73
665,150.62
666,152.14
667,153.64
668,153.05
669,154.52
670,153.56
671,152.95
672,151.98
673,152.73
674,153.15
675,154.68
676,155.82
677,155.79
678,155.03
679,155.16
680,154.79
681,152.95
682,151.25
683,150.6
684,150.54
685,150.58
686,148.61
687,146.93
688,147.39
689,147.49
690,148.49
691,149.45
692,149.2
693,148.74
694,147.49
695,148.35
696,148.84
697,149.26
698,148.46
699,147.26
700,147.71
701,147.17
702,148.77
703,150.15
704,150.36
705,147.25
706,147.24
707,146.38
708,146.36
709,146.11
710,145.28
711,144.56
712,144.79
713,144.26
714,143.37
715,142.74
716,143.0
717,142.86
718,141.87
719,141.87
720,142.39
721,142.66
722,142.73
723,143.58
724,143.77
725,144.08
726,145.56
727,145.88
728,147.21
729,146.14
730,142.87
731,142.57
732,144.12
733,144.46
734,145.74
735,145.61
736,147.18
737,146.94
738,146.99
739,146.38
740,144.77
741,145.02
742,145.08
743,145.15
744,146.06
745,147.05
746,147.81
747,148.04
748,146.51
749,147.11
750,147.48
751,147.47
752,145.96
753,145.78
754,144.88
755,143.63
756,143.02
757,142.54
758,142.63
759,141.96
760,142.87
761,143.84
762,142.94
763,143.3
764,143.65
765,144.4
766,144.61
767,144.66
768,144.88
769,144.69
770,144.5
771,143.07
772,142.42
773,142.24
774,142.82
775,143.86
776,146.34
777,146.45
778,144.77
779,146.9
780,146.14
781,146.08
782,148.4
783,147.41
784,149.36
785,148.05
786,146.95
787,145.02
788,144.46
789,145.1
790,143.88
791,142.8
792,141.69
793,141.87
794,141.81
795,141.6
796,140.89
797,141.24
798,141.03
799,140.26
800,140.05
801,138.92
802,138.29
803,138.21
804,137.88
805,138.59
806,139.15
807,139.33
808,139.7
809,139.18
810,140.8
811,140.26
812,140.31
813,139.71
814,139.91
815,140.6
816,140.68
817,141.01
818,140.92
819,140.52
820,139.72
821,139.69
822,139.07
823,138.57
824,139.11
825,139.77
826,140.41
827,141.39
828,141.73
829,139.57
830,139.47
831,142.63
832,138.42
833,140.05
834,140.54
835,139.77
836,139.84
837,141.12
838,140.49
839,140.33
840,141.06
841,141.01
842,140.71
843,140.61
844,140.31
845,139.85
846,140.31
847,140.3
848,141.61
849,141.59
850,142.19
851,142.63
852,142.08
853,141.08
854,141.87
855,140.25
856,139.79
857,141.66
858,142.14
859,141.8
860,141.18
861,140.41
862,139.86
863,139.33
864,139.73
865,139.56
866,139.62
867,140.21
868,139.59
869,138.96
870,139.25
871,138.56
872,139.42
873,139.15
874,139.22
875,136.75
876,136.29
877,135.52
878,135.83
879,136.04
880,135.34
881,136.17
882,136.83
883,136.9
884,136.46
885,136.31
886,135.52
887,135.91
888,134.03
889,134.49
890,135.06
891,134.57
892,135.55
893,136.05
894,136.25
895,135.38
896,135.35
897,135.51
898,134.46
899,135.04
900,135.85
901,134.29
902,134.96
903,135.51
904,135.96
905,136.97
906,138.2
907,138.03
908,137.19
909,137.86
910,138.2
911,138.31
912,136.39
913,138.24
914,137.26
915,136.44
916,136.73
917,137.09
918,136.75
919,135.98
920,136.24
921,135.17
922,134.56
923,134.27
924,134.15
925,134.11
926,133.29
927,133.14
928,132.62
929,132.16
930,132.07
931,131.78
932,131.45
933,131.59
934,132.28
935,132.78
936,132.88
937,133.01
938,132.38
939,133.1
940,133.2
941,133.18
942,133.89
943,134.32
944,134.36
945,134.62
946,134.72
947,134.51
948,135.58
949,135.39
950,136.11
951,134.6
952,134.64
953,135.6
954,135.51
955,136.53
956,135.86
957,136.25
958,138.1
959,141.27
960,140.03
961,140.26
962,137.88
963,137.14
964,138.25
965,137.15
966,136.06
967,136.1
968,135.48
969,134.72
970,134.49
971,134.02
972,134.19
973,133.41
974,132.42
975,132.48
976,132.57
977,131.66
978,131.19
979,130.58
980,130.65
981,130.03
982,130.08
983,130.26
984,129.92
985,129.79
986,128.87
987,128.4
988,128.14
989,128.13
990,127.93
991,128.02
992,127.49
993,127.73
994,128.32
995,128.18
996,127.22
997,127.08
998,127.91
999,129.36
1000,128.18
1001,128.97
1002,130.15
1003,132.3
1004,132.92
1005,130.74
1006,129.69
1007,128.99
1008,128.13
1009,127.64
1010,128.45
1011,128.85
1012,128.62
1013,128.49
1014,128.82
1015,126.93
1016,126.09
1017,125.46
1018,127.24
1019,128.23
1020,129.89
1021,131.92
1022,132.58
1023,131.02
1024,131.6
1025,129.28
1026,130.37
1027,130.2
1028,130.6
1029,129.2
1030,128.81
1031,128.18
1032,129.73
1033,129.53
1034,130.95
1035,128.97
1036,129.15
1037,129.32
1038,129.25
1039,127.42
1040,128.12
1041,127.25
1042,126.69
1043,125.83
1044,125.12
1045,124.99
1046,125.06
1047,125.23
1048,124.98
1049,125.3
1050,124.39
1051,124.52
1052,124.01
1053,124.4
1054,124.46
1055,124.92
1056,125.84
1057,125.86
1058,125.79
1059,126.55
1060,126.66
1061,125.19
1062,125.72
1063,126.8
1064,126.35
1065,125.02
1066,125.53
1067,125.9
1068,124.5
1069,124.5
1070,124.69
1071,124.5
1072,123.59
1073,123.9
1074,124.79
1075,124.83
1076,124.39
1077,123.59
1078,123.63
1079,124.32
1080,124.07
1081,124.73
1082,123.91
1083,123.86
1084,123.34
1085,123.84
1086,123.3
1087,123.0
1088,123.21
1089,123.46
1090,123.98
1091,123.84
1092,124.16
1093,124.24
1094,123.5
1095,123.7
1096,122.63
1097,123.09
1098,124.95
1099,125.27
1100,124.57
1101,124.3
1102,123.78
1103,123.5
1104,124.38
1105,123.76
1106,123.67
1107,123.88
1108,123.92
1109,123.32
1110,124.46
1111,125.1
1112,127.14
1113,127.35
1114,127.62
1115,127.19
1116,126.06
1117,126.67
1118,126.15
1119,125.35
1120,126.95
1121,125.85
1122,126.32
1123,128.07
1124,128.15
1125,127.75
1126,129.5
1127,130.17
1128,131.1
1129,129.92
1130,130.58
1131,130.45
1132,130.61
1133,131.88
1134,132.14
1135,131.64
1136,131.92
1137,131.27
1138,130.01
1139,130.42
1140,132.28
1141,131.93
1142,131.08
1143,131.56
1144,130.73
1145,130.21
1146,128.57
1147,128.09
1148,129.76
1149,130.06
1150,131.08
1151,131.26
1152,131.22
1153,131.19
1154,130.37
1155,130.9
1156,130.42
1157,130.9
1158,130.55
1159,129.84
1160,129.77
1161,130.86
1162,130.61
1163,132.1
1164,133.08
1165,133.44
1166,133.43
1167,133.41
1168,132.73
1169,132.04
1170,133.91
1171,134.32
1172,133.74
1173,133.8
1174,133.53
1175,134.91
1176,134.41
1177,135.64
1178,134.37
1179,134.75
1180,134.16
1181,136.03
1182,139.75
1183,139.49
1184,138.56
1185,139.36
1186,145.8
1187,148.25
1188,151.12
1189,156.55
1190,159.04
1191,158.4
1192,161.21
1193,158.42
1194,154.63
1195,156.14
1196,155.2
1197,153.98
1198,154.02
1199,150.51
1200,147.59
1201,148.11
1202,149.9
1203,148.29
1204,148.15
1205,148.68
1206,146.57
1207,145.99
1208,149.29
1209,147.84
1210,150.28
1211,149.15
1212,151.16
1213,149.67
1214,148.29
1215,147.91
1216,146.0
1217,145.54
1218,146.13
1219,146.77
1220,146.59
1221,146.42
1222,145.6
1223,145.25
1224,145.21
1225,145.44
1226,144.02
1227,142.27
1228,142.74
1229,142.92
1230,142.71
1231,143.7
1232,143.62
1233,143.59
1234,142.75
1235,141.46
1236,142.2
1237,143.08
1238,142.01
1239,141.49
1240,139.7
1241,139.17
1242,140.14
1243,142.12
1244,141.19
1245,139.38
1246,138.06
1247,138.47
1248,139.19
1249,139.94
1250,139.5
1251,139.47
1252,139.06
1253,139.46
1254,138.46
1255,138.33
1256,137.33
1257,137.57
1258,137.49
1259,137.83
1260,138.62
1261,138.83
1262,139.02
1263,138.71
1264,138.01
1265,137.44
1266,138.3
1267,139.76
1268,139.18
1269,138.99
1270,138.5
1271,137.92
1272,137.27
1273,137.79
1274,138.46
1275,138.09
1276,138.35
1277,139.14
1278,138.0
1279,137.82
1280,137.28
1281,138.41
1282,139.62
1283,138.51
1284,139.23
1285,139.79
1286,139.51
1287,137.59
1288,137.87
1289,136.69
1290,138.38
1291,137.38
1292,137.51
1293,137.24
1294,135.15
1295,133.44
1296,133.06
1297,130.07
1298,130.59
1299,130.26
1300,130.05
1301,129.12
1302,129.47
1303,130.02
1304,129.23
1305,129.12
1306,129.06
1307,128.35
1308,128.4
1309,128.32
1310,128.81
1311,130.0
1312,130.66
1313,130.02
1314,130.89
1315,130.17
1316,130.38
1317,130.14
1318,129.6
1319,129.47
1320,129.32
1321,129.04
1322,129.54
1323,130.29
1324,129.22
1325,128.33
1326,127.03
1327,126.9
1328,126.03
1329,127.7
1330,128.38
1331,129.44
1332,129.68
1333,130.19
1334,132.44
1335,131.7
1336,132.17
1337,131.48
1338,132.73
1339,130.33
1340,131.54
1341,131.81
1342,132.55
1343,132.64
1344,132.63
1345,134.19
1346,135.73
1347,134.84
1348,134.47
1349,133.77
1350,135.03
1351,134.79
1352,134.22
1353,134.06
1354,134.76
1355,135.64
1356,135.28
1357,134.71
1358,134.7
1359,133.87
1360,131.61
1361,131.68
1362,131.83
1363,133.49
1364,135.45
1365,136.34
1366,135.73
1367,133.45
1368,132.19
1369,133.52
1370,133.36
1371,133.82
1372,134.69
1373,135.05
1374,134.24
1375,133.15
1376,134.2
1377,133.92
1378,133.3
1379,133.24
1380,134.79
1381,135.7
1382,135.6
1383,136.1
1384,136.88
1385,136.45
1386,136.25
1387,135.92
1388,135.24
1389,135.18
1390,136.43
1391,136.37
1392,137.42
1393,137.43
1394,136.45
1395,137.74
1396,139.17
1397,139.63
1398,139.25
1399,139.06
1400,139.7
1401,141.16
1402,142.71
1403,142.17
1404,143.57
1405,148.39
1406,150.13
1407,156.64
1408,154.95
1409,160.73
1410,158.35
1411,156.0
1412,157.45
1413,157.32
1414,156.85
1415,156.18
1416,155.46
1417,155.97
1418,156.39
1419,157.41
1420,158.26
1421,160.33
1422,159.91
1423,159.21
1424,160.76
1425,161.18
1426,162.6
1427,162.68
1428,161.9
1429,159.92
1430,160.59
1431,161.46
1432,162.4
1433,163.78
1434,163.21
1435,162.54
1436,163.53
1437,164.4
1438,166.3
1439,165.0
1440,168.61
1441,169.26
1442,169.71
1443,169.82
1444,171.24
1445,169.98
1446,169.5
1447,169.19
1448,168.23
1449,166.45
1450,167.41
1451,166.07
1452,167.65
1453,169.38
1454,169.22
1455,172.89
1456,171.81
1457,170.98
1458,167.48
1459,160.4
1460,159.96
1461,160.01
1462,160.2
1463,157.13
1464,157.37
1465,157.97
1466,158.34
1467,156.98
1468,155.37
1469,155.54
1470,157.1
1471,156.91
1472,156.81
1473,155.59
1474,154.77
1475,155.98
1476,157.91
1477,158.32
1478,161.77
1479,162.32
1480,156.8
1481,156.05
1482,156.75
1483,157.55
1484,157.66
1485,157.98
1486,156.8
1487,158.47
1488,156.93
1489,154.66
1490,156.4
1491,155.29
1492,156.43
1493,157.37
1494,156.4
1495,155.7
1496,156.66
1497,156.27
1498,154.39
1499,153.92
1500,154.11
1501,154.6
1502,155.19
1503,154.63
1504,155.92
1505,154.62
1506,155.92
1507,153.9
1508,154.43
1509,155.92
1510,155.18
1511,154.29
1512,155.41
1513,155.13
1514,154.93
1515,153.79
1516,154.11
1517,154.5
1518,155.57
1519,155.2
1520,155.53
1521,156.31
1522,157.57
1523,157.26
1524,157.17
1525,157.51
1526,157.98
1527,157.83
1528,157.52
1529,157.88
1530,156.71
1531,158.2
1532,157.15
1533,156.44
1534,158.08
1535,158.9
1536,157.66
1537,157.53
1538,156.35
1539,154.7
1540,155.32
1541,155.44
1542,154.74
1543,154.93
1544,155.76
1545,156.18
1546,157.82
1547,158.8
1548,158.21
1549,157.81
1550,157.19
1551,157.09
1552,155.26
1553,155.82
1554,155.66
1555,154.85
1556,154.69
1557,155.08
1558,154.81
1559,154.21
1560,153.4
1561,153.1
1562,153.72
1563,152.17
1564,152.58
1565,152.55
1566,151.9
1567,151.84
1568,151.39
1569,151.84
1570,152.49
1571,152.53
1572,152.5
1573,152.55
1574,152.6
1575,152.89
1576,152.45
1577,151.84
1578,150.98
1579,150.85
1580,151.42
1581,152.14
1582,152.27
1583,151.95
1584,151.1
1585,152.28
1586,152.58
1587,152.25
1588,153.74
1589,155.41
1590,155.62
1591,154.5
1592,154.68
1593,154.86
1594,154.41
1595,155.34
1596,155.08
1597,155.76
1598,156.64
1599,155.16
1600,156.04
1601,158.6
1602,159.27
1603,161.18
1604,161.4
1605,162.76
1606,162.49
1607,160.63
1608,159.91
1609,158.65
1610,159.01
1611,157.37
1612,158.47
1613,158.5
1614,158.77
1615,158.46
1616,158.69
1617,155.16
1618,153.42
1619,151.87
1620,151.86
1621,152.37
1622,152.18
1623,152.21
1624,153.27
1625,151.61
1626,151.14
1627,152.18
1628,153.94
1629,153.62
1630,152.9
1631,153.76
1632,153.06
1633,152.65
1634,154.22
1635,152.98
1636,152.63
1637,152.88
1638,153.55
1639,155.22
1640,155.21
1641,154.51
1642,154.52
1643,153.35
1644,151.5
1645,153.13
1646,156.31
1647,157.59
1648,157.18
1649,156.36
1650,156.3
1651,156.86
1652,156.15
1653,157.23
1654,152.74
1655,152.56
1656,151.65
1657,151.26
1658,153.19
1659,151.41
1660,153.48
1661,150.25
1662,150.52
1663,152.94
1664,151.39
1665,150.94
1666,151.11
1667,150.22
1668,149.66
1669,149.4
1670,150.2
1671,150.24
1672,150.19
1673,149.93
1674,149.4
1675,149.06
1676,149.2
1677,149.4
1678,148.95
1679,148.44
1680,148.78
1681,147.33
1682,147.5
1683,147.36
1684,147.66
1685,148.03
1686,147.42
1687,148.48
1688,148.27
1689,148.08
1690,149.19
1691,149.74
1692,150.11
1693,149.89
1694,151.91
1695,152.85
1696,151.53
1697,152.39
1698,153.96
1699,151.75
1700,150.33
1701,150.19
1702,148.24
1703,147.36
1704,147.94
1705,148.81
1706,148.84
1707,153.53
1708,154.38
1709,155.65
1710,159.21
1711,160.17
1712,165.2
1713,167.57
1714,162.55
1715,163.69
1716,163.96
1717,161.3
1718,161.94
1719,159.52
1720,162.48
1721,158.12
1722,155.44
1723,159.27
1724,159.13
1725,154.86
1726,158.23
1727,157.95
1728,156.5
1729,156.7
1730,156.18
1731,157.97
1732,157.84
1733,155.89
1734,153.5
1735,152.08
1736,151.87
1737,150.39
1738,150.19
1739,149.85
1740,149.74
1741,149.94
1742,149.01
1743,150.04
1744,150.21
1745,149.15
1746,149.37
1747,150.83
1748,150.42
1749,149.57
1750,148.66
1751,146.77
1752,145.42
1753,145.19
1754,144.74
1755,144.89
1756,146.63
1757,147.65
1758,147.57
1759,148.14
1760,147.32
1761,146.86
1762,146.39
1763,146.64
1764,145.93
1765,145.98
1766,145.96
1767,146.3
1768,145.75
1769,147.65
1770,149.56
1771,147.9
1772,148.23
1773,147.13
1774,149.16
1775,148.13
1776,147.8
1777,148.97
1778,149.43
1779,149.98
1780,149.89
1781,150.32
1782,149.95
1783,149.11
1784,149.2
1785,149.73
1786,149.43
1787,150.94
1788,150.06
1789,150.13
1790,151.74
1791,152.92
1792,152.17
1793,151.31
1794,149.35
1795,150.58
1796,151.53
1797,152.49
1798,150.83
1799,149.84
1800,150.13
1801,149.3
1802,148.73
1803,148.07
1804,147.64
1805,148.71
1806,150.49
1807,151.34
1808,151.92
1809,151.52
1810,151.93
1811,150.63
1812,150.89
1813,149.78
1814,149.29
1815,150.78
1816,152.26
1817,152.9
1818,151.33
1819,150.67
1820,151.51
1821,151.41
1822,152.39
1823,152.21
1824,153.33
1825,154.99
1826,155.15
1827,156.55
1828,158.87
1829,157.58
1830,162.69
1831,164.01
1832,168.05
1833,172.83
1834,175.92
1835,171.51
1836,170.65
1837,169.9
1838,174.43
1839,165.47
1840,167.19
1841,169.16
1842,167.52
1843,165.7
1844,164.83
1845,167.33
1846,167.86
1847,167.13
1848,164.91
1849,164.23
1850,164.37
1851,164.89
1852,162.67
1853,162.35
1854,161.54
1855,163.05
1856,165.22
1857,166.67
1858,164.69
1859,161.84
1860,159.23
1861,158.13
1862,156.85
1863,156.5
1864,157.56
1865,157.86
1866,158.26
1867,156.65
1868,156.56
1869,156.41
1870,158.22
1871,161.02
1872,160.1
1873,161.02
1874,160.69
1875,158.45
1876,158.68
1877,158.67
1878,163.07
1879,162.83
1880,162.9
1881,163.08
1882,163.22
1883,161.46
1884,162.34
1885,161.55
1886,162.95
1887,162.07
1888,162.91
1889,163.11
1890,163.23
1891,161.92
1892,160.11
1893,160.6
1894,159.01
1895,159.27
1896,160.22
1897,161.12
1898,161.93
1899,158.36
1900,160.72
1901,161.34
1902,162.07
1903,164.41
1904,164.39
1905,162.87
1906,162.05
1907,161.09
1908,163.4
1909,165.83
1910,166.46
1911,166.14
1912,166.22
1913,166.58
1914,168.05
1915,170.86
1916,171.34
1917,173.07
1918,172.72
1919,171.46
1920,168.47
1921,170.01
1922,169.39
1923,171.16
1924,169.65
1925,169.48
1926,170.53
1927,170.6
1928,169.07
1929,169.08
1930,171.12
1931,170.75
1932,172.88
1933,171.11
1934,171.4
1935,171.77
1936,169.93
1937,169.79
1938,170.68
1939,171.22
1940,169.84
1941,171.04
1942,168.21
1943,166.94
1944,164.96
1945,163.8
1946,163.13
1947,164.66
1948,166.19
1949,165.92
1950,165.4
1951,165.12
1952,165.72
1953,164.02
1954,164.63
1955,165.67
1956,166.15
1957,164.01
1958,165.31
1959,164.79
1960,164.86
1961,164.6
1962,165.55
1963,162.41
1964,161.32
1965,162.51
1966,162.84
1967,163.56
1968,161.45
1969,160.68
1970,161.01
1971,160.22
1972,159.52
1973,159.4
1974,158.55
1975,158.5
1976,159.5
1977,159.19
1978,158.6
1979,157.54
1980,157.5
1981,158.79
1982,157.81
1983,154.6
1984,155.62
1985,157.12
1986,156.73
1987,156.09
1988,157.11
1989,156.69
1990,156.57
1991,155.73
1992,154.39
1993,153.33
1994,151.2
1995,151.37
1996,151.53
1997,149.54
1998,150.1
1999,150.65
2000,150.1
2001,148.22
2002,148.53
2003,145.36
2004,147.17
2005,145.61
2006,146.84
2007,148.15
2008,150.05
2009,150.76
2010,150.91
2011,149.51
2012,148.8
2013,148.38
2014,150.05
2015,149.6
2016,150.53
2017,148.77
2018,147.74
2019,146.37
2020,145.54
2021,144.91
2022,144.83
2023,145.22
2024,146.16
2025,144.25
2026,145.86
2027,146.43
2028,146.16
2029,146.83
2030,147.39
2031,146.56
2032,146.43
2033,146.66
2034,147.17
2035,148.38
2036,148.31
2037,148.46
2038,148.74
2039,149.05
2040,148.41
2041,148.65
2042,147.73
2043,148.14
2044,146.14
2045,145.19
2046,145.5
2047,145.3
2048,145.63
2049,144.92
2050,145.16
2051,144.31
2052,144.22
2053,144.37
2054,145.27
2055,143.59
2056,143.78
2057,143.47
2058,142.86
2059,143.16
2060,143.17
2061,142.96
2062,144.03
2063,144.94
2064,144.56
2065,143.88
2066,143.92
2067,145.24
2068,143.81
2069,141.99
2070,142.91
2071,144.67
2072,145.43
2073,144.04
2074,144.57
2075,145.42
2076,142.31
2077,142.45
2078,141.86
2079,142.93
2080,142.9
2081,141.8
2082,141.97
2083,141.79
2084,142.01
2085,140.66
2086,141.15
2087,140.97
2088,141.56
2089,141.75
2090,142.41
2091,143.44
2092,143.15
2093,144.79
2094,143.94
2095,143.81
2096,142.59
2097,143.33
2098,143.23
2099,141.61
2100,142.23
2101,141.85
2102,141.73
2103,141.31
2104,140.26
2105,139.28
2106,138.72
2107,138.55
2108,138.8
2109,139.73
2110,140.24
2111,141.61
2112,142.38
2113,141.1
2114,141.92
2115,141.49
2116,140.16
2117,140.79
2118,140.48
2119,139.15
2120,138.6
2121,139.89
2122,139.37
2123,140.1
2124,138.53
2125,138.92
2126,138.97
2127,138.27
2128,137.18
2129,138.79
2130,140.1
2131,139.9
2132,138.06
2133,137.07
2134,137.2
2135,135.92
2136,136.46
2137,135.14
2138,135.42
2139,135.19
2140,136.28
2141,135.36
2142,135.22
2143,134.11
2144,133.9
2145,132.8
2146,132.54
2147,133.22
2148,133.08
2149,132.81
2150,132.6
2151,132.72
2152,132.98
2153,132.84
2154,132.72
2155,132.03
2156,132.77
2157,132.39
2158,132.27
2159,131.51
2160,130.91
2161,131.81
2162,132.01
2163,132.6
2164,132.65
2165,131.6
2166,131.29
2167,130.05
2168,129.74
2169,130.55
2170,130.46
2171,130.65
2172,130.1
2173,129.84
2174,129.88
2175,129.82
2176,130.12
2177,130.03
2178,130.37
2179,130.53
2180,130.06
2181,130.81
2182,130.96
2183,130.65
2184,129.01
2185,129.19
2186,131.18
2187,131.59
2188,131.98
2189,131.49
2190,130.49
2191,131.47
2192,132.47
2193,132.09
2194,132.38
2195,132.41
2196,133.55
2197,134.34
2198,135.11
2199,135.28
2200,134.55
2201,133.53
2202,132.2
2203,132.35
2204,131.54
2205,132.93
2206,132.11
2207,131.18
2208,130.98
2209,131.7
2210,131.41
2211,132.4
2212,132.47
2213,132.56
2214,133.13
2215,133.26
2216,131.27
2217,131.2
2218,130.57
2219,130.76
2220,131.0
2221,131.15
2222,133.56
2223,133.72
2224,134.44
2225,133.85
2226,132.54
2227,133.52
2228,133.24
2229,133.99
2230,134.11
2231,135.12
2232,134.57
2233,135.51
2234,136.35
2235,137.11
2236,137.88
2237,139.0
2238,137.04
2239,136.15
2240,134.62
2241,134.35
2242,134.22
2243,133.12
2244,132.68
2245,132.7
2246,131.7
2247,131.39
2248,131.84
2249,131.89
2250,131.77
2251,131.14
2252,132.48
2253,133.47
2254,133.04
2255,132.07
2256,131.81
2257,132.26
2258,131.5
2259,131.44
2260,130.74
2261,132.04
2262,132.39
2263,131.61
2264,129.99
2265,129.69
2266,130.99
2267,131.69
2268,132.51
2269,132.39
2270,133.31
2271,131.91
2272,135.04
2273,136.05
2274,135.76
2275,137.57
2276,138.56
2277,138.97
2278,139.81
2279,140.72
2280,141.14
2281,143.96
2282,143.1
2283,141.5
2284,142.76
2285,144.21
2286,145.16
2287,147.34
2288,145.22
2289,144.56
2290,145.62
2291,142.16
2292,143.65
2293,142.25
2294,143.81
2295,143.14
2296,142.07
2297,141.33
2298,144.17
2299,145.51
2300,145.78
2301,145.51
2302,147.64
2303,146.38
2304,145.74
2305,145.37
2306,148.06
2307,149.26
2308,149.18
2309,147.88
2310,144.48
2311,144.05
2312,144.36
2313,144.89
2314,145.9
2315,143.64
2316,142.67
2317,142.0
2318,143.52
2319,142.74
2320,141.14
2321,141.15
2322,142.18
2323,143.19
2324,143.76
2325,142.08
2326,143.49
2327,143.8
2328,143.83
2329,142.97
2330,143.74
2331,143.01
2332,141.97
2333,139.56
2334,139.46
2335,140.2
2336,141.16
2337,140.63
2338,141.49
2339,142.1
2340,142.12
2341,142.14
2342,143.05
2343,143.58
2344,144.17
2345,144.15
2346,144.92
2347,145.1
2348,144.17
2349,142.27
2350,142.93
2351,141.58
2352,142.12
2353,141.24
2354,140.23
2355,139.37
2356,139.71
2357,138.71
2358,138.54
2359,138.13
2360,136.69
2361,136.82
2362,137.79
2363,136.87
2364,137.01
2365,137.47
2366,136.13
2367,137.02
2368,136.73
2369,138.37
2370,139.0
2371,137.69
2372,138.28
2373,138.58
2374,139.62
2375,138.56
2376,138.27
2377,139.57
2378,139.59
2379,142.2
2380,141.73
2381,142.11
2382,141.55
2383,140.97
2384,140.05
2385,140.4
2386,140.0
2387,139.28
2388,139.3
2389,138.8
2390,137.72
2391,137.16
2392,138.14
2393,138.21
2394,139.07
2395,140.37
2396,140.16
2397,140.5
2398,141.35
2399,142.34
2400,142.47
2401,142.21
2402,142.95
2403,142.2
2404,141.76
2405,142.26
2406,143.11
2407,143.1
2408,143.29
2409,143.5
2410,141.98
2411,140.7
2412,141.29
2413,141.38
2414,141.95
2415,141.41
2416,139.63
2417,139.28
2418,138.73
2419,138.81
2420,140.01
2421,140.63
2422,138.71
2423,138.41
2424,138.97
2425,138.9
2426,139.21
2427,138.81
2428,139.11
2429,139.36
2430,137.69
2431,137.7
2432,136.06
2433,135.61
2434,135.29
2435,135.88
2436,134.79
2437,134.0
2438,134.33
2439,134.01
2440,134.72
2441,135.25
2442,134.35
2443,134.62
2444,135.38
2445,136.74
2446,137.72
2447,138.44
2448,138.14
2449,140.0
2450,138.38
2451,139.3
2452,138.3
2453,138.88
2454,138.91
2455,138.01
2456,137.67
2457,136.94
2458,136.54
2459,137.21
2460,140.23
2461,141.42
2462,141.83
2463,141.27
2464,139.92
2465,140.68
2466,142.62
2467,143.28
2468,143.18
2469,143.07
2470,144.05
2471,142.1
2472,140.9
2473,141.97
2474,142.49
2475,142.39
2476,141.65
2477,140.4
2478,140.31
2479,140.89
2480,141.66
2481,141.71
2482,141.84
2483,140.93
2484,140.33
2485,140.51
2486,138.76
2487,137.03
2488,138.7
2489,139.2
2490,139.59
2491,139.02
2492,138.58
2493,138.76
2494,139.0
2495,138.79
2496,139.21
2497,138.51
2498,138.05
2499,137.92
2500,137.27
2501,138.04
2502,138.54
2503,138.38
2504,138.27
2505,137.53
2506,136.96
2507,136.14
2508,136.04
2509,135.3
2510,136.04
2511,135.62
2512,136.4
2513,136.81
2514,137.05
2515,136.6
2516,136.83
2517,136.57
2518,137.05
2519,137.71
2520,137.39
2521,137.22
2522,136.91
2523,136.52
2524,135.64
2525,134.59
2526,134.11
2527,134.45
2528,133.59
2529,134.07
2530,133.47
2531,132.91
2532,131.93
2533,131.63
2534,131.86
2535,131.64
2536,131.76
2537,131.5
2538,131.12
2539,131.35
2540,132.13
2541,131.87
2542,132.23
2543,132.06
2544,132.43
2545,133.68
2546,133.55
2547,132.6
2548,132.75
2549,132.05
2550,131.33
2551,131.85
2552,131.67
2553,134.08
2554,133.81
2555,134.07
2556,133.78
2557,134.75
2558,134.99
2559,135.71
2560,134.25
2561,135.44
2562,135.26
2563,135.38
2564,134.18
2565,135.0
2566,134.4
2567,134.49
2568,132.91
2569,132.99
2570,132.61
2571,133.67
2572,133.56
2573,134.76
2574,135.8
2575,135.2
2576,134.47
2577,135.14
2578,136.19
2579,136.03
2580,136.67
2581,136.49
2582,136.73
2583,134.99
2584,134.71
2585,136.68
2586,136.76
2587,137.39
2588,136.57
2589,138.0
2590,137.74
2591,137.97
2592,137.38
2593,138.69
2594,138.5
2595,136.24
2596,136.25
2597,134.17
2598,137.5
2599,137.93
2600,135.7
2601,134.39
2602,134.83
2603,136.76
2604,137.37
2605,137.67
2606,136.9
2607,136.75
2608,136.39
2609,136.12
2610,134.33
2611,133.48
2612,133.97
2613,134.29
2614,134.16
2615,133.98
2616,134.11
2617,134.37
2618,133.87
2619,134.14
2620,134.18
2621,134.21
2622,134.61
2623,134.31
2624,133.4
2625,133.16
2626,132.92
2627,134.05
2628,133.15
2629,132.48
2630,132.08
2631,132.86
2632,132.89
2633,132.26
2634,132.01
2635,132.38
2636,132.16
2637,132.48
2638,132.39
2639,132.23
2640,131.6
2641,130.95
2642,131.2
2643,131.76
2644,131.48
2645,132.12
2646,132.96
2647,130.76
2648,130.13
2649,129.99
2650,130.22
2651,129.44
2652,129.53
2653,129.0
2654,129.33
2655,129.29
2656,129.57
2657,128.55
2658,129.81
2659,130.47
2660,130.68
2661,129.51
2662,130.17
2663,130.37
2664,129.05
2665,129.74
2666,128.92
2667,129.77
2668,129.68
2669,130.64
2670,131.13
2671,130.49
2672,131.11
2673,130.26
2674,130.37
2675,129.34
2676,129.28
2677,130.61
2678,130.71
2679,130.3
2680,130.51
2681,129.44
2682,129.3
2683,130.21
2684,130.38
2685,131.61
2686,131.13
2687,131.11
2688,131.99
2689,131.25
2690,131.15
2691,130.5
2692,129.4
2693,130.12
2694,131.15
2695,130.09
2696,130.19
2697,129.44
2698,129.21
2699,128.96
2700,128.81
2701,127.87
2702,128.38
2703,128.19
2704,127.48
2705,127.46
2706,126.84
2707,126.97
2708,126.72
2709,126.89
2710,126.68
2711,126.63
2712,125.95
2713,125.96
2714,126.73
2715,127.4
2716,126.13
2717,125.63
2718,125.95
2719,125.64
2720,125.53
2721,125.68
2722,124.36
2723,124.28
2724,124.37
2725,124.09
2726,123.99
2727,124.53
2728,124.7
2729,125.51
2730,125.36
2731,124.34
2732,124.77
2733,124.58
2734,123.19
2735,124.3
2736,125.77
2737,127.1
2738,127.58
2739,126.61
2740,126.74
2741,127.74
2742,129.54
2743,130.46
2744,129.89
2745,128.69
2746,127.99
2747,127.88
2748,127.24
2749,128.59
2750,127.41
2751,126.43
2752,128.86
2753,130.58
2754,130.07
2755,131.33
2756,131.47
2757,131.61
2758,132.84
2759,132.85
2760,132.93
2761,133.67
2762,133.43
2763,132.36
2764,130.12
2765,130.79
2766,131.3
2767,130.86
2768,131.37
2769,130.76
2770,129.92
2771,129.85
2772,128.02
2773,127.62
2774,128.04
2775,128.03
2776,128.04
2777,130.66
2778,131.39
2779,131.69
2780,133.23
2781,135.04
2782,134.04
2783,134.19
2784,131.94
2785,132.25
2786,131.18
2787,129.38
2788,131.34
2789,130.76
2790,129.65
2791,129.19
2792,128.82
2793,128.19
2794,129.13
2795,130.05
2796,131.47
2797,131.03
2798,131.29
2799,131.38
2800,133.15
2801,133.19
2802,132.18
2803,131.95
2804,132.75
2805,133.19
2806,133.52
2807,133.23
2808,133.07
2809,132.09
2810,132.06
2811,130.64
2812,130.97
2813,130.65
2814,130.13
2815,130.36
2816,130.61
2817,131.04
2818,130.56
2819,130.36
2820,130.37
2821,129.16
2822,128.43
2823,127.4
2824,128.95
2825,128.6
2826,128.54
2827,128.74
2828,128.24
2829,128.67
2830,127.86
2831,128.0
2832,127.85
2833,128.1
2834,127.35
2835,127.84
2836,128.39
2837,128.24
2838,127.7
2839,128.02
2840,127.35
2841,127.49
2842,126.36
2843,124.91
2844,125.04
2845,124.32
2846,124.59
2847,124.07
2848,125.08
2849,124.8
2850,124.3
2851,125.37
2852,126.71
2853,125.8
2854,125.28
2855,126.05
2856,125.53
2857,125.85
2858,126.33
2859,125.7
2860,125.0
2861,124.25
2862,123.85
2863,123.32
2864,123.73
2865,123.11
2866,122.42
2867,121.83
2868,121.66
2869,121.84
2870,121.36
2871,121.54
2872,121.74
2873,121.79
2874,122.32
2875,121.48
2876,121.73
2877,121.24
2878,120.1
2879,119.37
2880,119.79
2881,120.1
2882,119.78
2883,119.7
2884,119.61
2885,119.58
2886,118.87
2887,119.46
2888,119.41
2889,119.56
2890,120.02
2891,120.16
2892,120.61
2893,119.73
2894,119.74
2895,119.69
2896,119.85
2897,119.69
2898,118.89
2899,119.64
2900,119.93
2901,119.53
2902,118.58
2903,118.58
2904,118.68
2905,118.34
2906,117.72
2907,118.45
2908,117.81
2909,118.41
2910,118.78
2911,119.65
2912,117.72
2913,118.47
2914,117.59
2915,116.9
2916,115.85
2917,115.2
2918,114.96
2919,115.01
2920,115.12
2921,115.82
2922,115.77
2923,115.11
2924,115.21
2925,114.69
2926,114.12
2927,113.85
2928,114.19
2929,114.07
2930,114.32
2931,113.53
2932,114.18
2933,114.22
2934,114.55
2935,117.39
2936,118.03
2937,119.28
2938,119.85
2939,119.65
2940,118.75
2941,117.22
2942,117.24
2943,116.52
2944,116.92
2945,117.81
2946,118.49
2947,118.61
2948,117.66
2949,116.81
2950,116.66
2951,116.06
2952,116.15
2953,115.79
2954,115.58
2955,116.23
2956,116.16
2957,115.79
2958,116.37
2959,116.43
2960,115.81
2961,115.66
2962,115.48
2963,115.5
2964,115.12
2965,115.08
2966,115.41
2967,115.66
2968,114.37
2969,114.18
2970,115.06
2971,114.92
2972,114.58
2973,114.36
2974,113.25
2975,113.39
2976,113.31
2977,112.91
2978,112.44
2979,113.37
2980,114.44
2981,114.42
2982,113.91
2983,113.74
2984,112.15
2985,111.36
2986,111.68
2987,112.4
2988,112.96
2989,113.09
2990,112.75
2991,112.21
2992,111.49
2993,111.67
2994,111.43
2995,111.44
2996,112.07
2997,112.6
2998,111.81
2999,111.07
3000,111.47
3001,110.8
3002,110.93
3003,111.29
3004,111.65
3005,112.4
3006,110.8
3007,110.11
3008,110.69
3009,111.55
3010,111.54
3011,111.23
3012,112.0
3013,112.78
3014,111.72
3015,111.04
3016,111.67
3017,111.78
3018,110.95
3019,111.72
3020,111.96
3021,112.02
3022,111.33
3023,110.4
3024,110.03
3025,108.89
3026,108.91
3027,109.41
3028,108.61
3029,109.32
3030,109.15
3031,109.22
3032,109.49
3033,109.71
3034,109.15
3035,111.19
3036,111.42
3037,114.47
3038,114.25
3039,113.84
3040,112.98
3041,113.81
3042,115.29
3043,114.79
3044,113.4
3045,113.44
3046,114.8
3047,112.0
3048,113.09
3049,115.09
3050,116.54
3051,116.93
3052,118.33
3053,118.58
3054,118.6
3055,118.13
3056,117.57
3057,116.66
3058,117.25
3059,115.1
3060,117.21
3061,118.31
3062,118.58
3063,117.72
3064,115.57
3065,114.64
3066,116.71
3067,117.26
3068,117.27
3069,116.13
3070,115.16
3071,115.21
3072,115.34
3073,114.47
3074,114.87
3075,113.66
3076,114.64
3077,114.13
3078,112.73
3079,112.7
3080,112.36
3081,111.83
3082,112.96
3083,113.12
3084,113.17
3085,114.16
3086,112.42
3087,111.42
3088,110.34
3089,110.61
3090,111.68
3091,111.01
3092,110.57
3093,110.49
3094,110.39
3095,111.85
3096,111.69
3097,112.75
3098,113.93
3099,113.8
3100,112.43
3101,112.22
3102,112.15
3103,111.32
3104,111.91
3105,111.53
3106,110.81
3107,110.82
3108,111.46
3109,112.33
3110,113.14
3111,113.17
3112,113.87
3113,114.77
3114,115.51
3115,116.5
3116,114.89
3117,115.43
3118,113.8
3119,114.8
3120,114.24
3121,113.96
3122,113.39
3123,114.27
3124,118.14
3125,116.93
3126,115.82
3127,115.91
3128,114.51
3129,114.06
3130,111.94
3131,113.13
3132,113.91
3133,112.95
3134,110.84
3135,111.64
3136,112.15
3137,113.89
3138,112.73
3139,115.44
3140,114.06
3141,113.65
3142,114.41
3143,113.53
3144,111.76
3145,112.34
3146,113.22
3147,113.8
3148,115.14
3149,115.09
3150,115.81
3151,116.91
3152,117.95
3153,118.94
3154,119.11
3155,120.67
3156,121.68
3157,121.71
3158,121.38
3159,120.47
3160,122.4
3161,122.39
3162,122.08
3163,119.53
3164,120.42
3165,118.8
3166,118.76
3167,116.35
3168,117.16
3169,117.67
3170,117.64
3171,117.68
3172,118.15
3173,119.46
3174,119.14
3175,118.85
3176,119.53
3177,119.44
3178,119.03
3179,118.27
3180,118.88
3181,117.54
3182,118.7
3183,118.61
3184,117.23
3185,118.28
3186,116.62
3187,117.87
3188,119.52
3189,119.97
3190,120.48
3191,122.24
3192,122.91
3193,122.6
3194,121.62
3195,125.16
3196,125.74
3197,126.1
3198,125.46
3199,121.78
3200,120.89
3201,119.22
3202,119.13
3203,119.0
3204,117.11
3205,115.8
3206,116.98
3207,118.05
3208,117.74
3209,118.31
3210,117.02
3211,115.08
3212,115.81
3213,114.95
3214,114.74
3215,115.54
3216,115.73
3217,117.81
3218,118.65
3219,117.86
3220,115.57
3221,115.41
3222,116.35
3223,115.53
3224,114.16
3225,114.5
3226,113.97
3227,114.41
3228,113.47
3229,113.67
3230,113.35
3231,111.7
3232,112.71
3233,111.53
3234,113.7
3235,112.91
3236,113.11
3237,112.55
3238,113.15
3239,113.05
3240,113.38
3241,112.68
3242,112.05
3243,111.7
3244,111.03
3245,110.84
3246,110.54
3247,111.54
3248,112.64
3249,112.41
3250,112.03
3251,110.89
3252,111.29
3253,111.52
3254,111.91
3255,111.92
3256,110.47
3257,109.81
3258,112.62
3259,111.99
3260,112.74
3261,112.08
3262,112.47
3263,111.66
3264,110.93
3265,111.22
3266,112.1
3267,112.09
3268,112.23
3269,112.6
3270,112.33
3271,111.63
3272,113.74
3273,114.03
3274,114.72
3275,115.75
3276,116.2
3277,118.52
3278,118.28
3279,117.16
3280,118.46
3281,120.15
3282,121.02
3283,120.01
3284,119.48
3285,118.56
3286,116.85
3287,115.76
3288,118.9
3289,118.55
3290,119.36
3291,119.33
3292,118.73
3293,120.48
3294,120.17
3295,122.02
3296,122.34
3297,118.63
3298,119.13
3299,121.14
3300,123.65
3301,123.13
3302,127.0
3303,127.45
3304,128.47
3305,130.24
3306,132.14
3307,136.28
3308,136.5
3309,137.98
3310,137.54
3311,138.3
3312,142.46
3313,138.72
3314,137.68
3315,141.42
3316,138.56
3317,139.78
3318,133.87
3319,136.95
3320,140.07
3321,134.48
3322,133.79
3323,132.98
3324,131.89
3325,130.1
3326,128.31
3327,128.49
3328,127.94
3329,129.28
3330,129.75
3331,131.04
3332,129.54
3333,127.32
3334,128.38
3335,130.31
3336,131.04
3337,133.0
3338,133.18
3339,130.39
3340,131.35
3341,131.41
3342,128.72
3343,131.22
3344,130.9
3345,131.89
3346,133.74
3347,133.75
3348,132.35
3349,132.94
3350,133.72
3351,134.69
3352,133.39
3353,137.22
3354,140.51
3355,142.66
3356,141.22
3357,137.92
3358,140.59
3359,140.78
3360,145.35
3361,142.63
3362,143.09
3363,145.45
3364,147.56
3365,142.98
3366,142.94
3367,142.77
3368,142.15
3369,138.24
3370,137.76
3371,135.8
3372,139.0
3373,143.91
3374,134.2
3375,135.29
3376,136.2
3377,132.87
3378,133.26
3379,134.78
3380,134.17
3381,131.63
3382,131.94
3383,129.37
3384,132.2
3385,131.17
3386,133.21
3387,133.54
3388,133.38
3389,127.3
3390,124.58
3391,125.97
3392,127.08
3393,124.83
3394,125.22
3395,122.43
3396,122.59
3397,122.36
3398,121.22
3399,121.15
3400,117.57
3401,116.22
3402,115.3
3403,115.94
3404,116.77
3405,119.13
3406,122.89
3407,122.21
3408,120.53
3409,122.82
3410,121.11
3411,119.95
3412,118.86
3413,116.6
3414,119.93
3415,120.47
3416,121.43
3417,120.14
3418,120.32
3419,119.21
3420,116.72
3421,116.53
3422,117.6
3423,118.16
3424,114.97
3425,113.99
3426,113.85
3427,114.31
3428,114.52
3429,114.7
3430,115.49
3431,116.76
3432,118.15
3433,118.62
3434,118.77
3435,119.19
3436,117.87
3437,119.04
3438,117.37
3439,119.09
3440,117.22
3441,119.1
3442,118.8
3443,119.63
3444,121.31
3445,124.29
3446,122.74
3447,123.95
3448,123.42
3449,123.51
3450,123.49
3451,120.24
3452,118.96
3453,119.44
3454,117.0
3455,115.68
3456,115.96
3457,114.03
3458,114.06
3459,112.24
3460,111.48
3461,112.16
3462,111.66
3463,112.52
3464,111.45
3465,111.6
3466,110.04
3467,109.23
3468,108.9
3469,107.91
3470,108.92
3471,107.28
3472,108.17
3473,108.33
3474,108.69
3475,107.53
3476,106.85
3477,106.04
3478,106.11
3479,106.65
3480,106.6
3481,107.27
3482,106.09
3483,106.31
3484,106.05
3485,106.75
3486,107.46
3487,108.72
3488,108.31
3489,107.21
3490,106.62
3491,106.09
3492,105.52
3493,105.04
3494,103.24
3495,103.02
3496,103.72
3497,102.73
3498,102.72
3499,102.27
3500,103.72
3501,104.98
3502,103.51
3503,103.73
3504,102.74
3505,102.33
3506,104.33
3507,103.8
3508,104.34
3509,104.94
3510,105.12
3511,104.99
3512,104.63
3513,103.55
3514,102.39
3515,101.45
3516,101.05
3517,100.76
3518,100.94
3519,100.31
3520,100.46
3521,100.16
3522,100.21
3523,100.72
3524,102.51
3525,100.81
3526,100.41
3527,103.2
3528,104.95
3529,104.91
3530,104.39
3531,103.23
3532,102.06
3533,101.96
3534,100.73
3535,100.14
3536,100.49
3537,99.4
3538,98.59
3539,99.58
3540,99.74
3541,99.72
3542,100.43
3543,100.84
3544,101.38
3545,100.85
3546,101.18
3547,101.58
3548,101.4
3549,101.11
3550,101.66
3551,101.64
3552,101.47
3553,100.68
3554,101.62
3555,101.3
3556,101.26
3557,100.63
3558,100.34
3559,100.11
3560,100.17
3561,101.4
3562,100.73
3563,99.88
3564,99.93
3565,100.23
3566,100.0
3567,99.61
3568,99.23
3569,98.75
3570,97.9
3571,98.31
3572,97.7
3573,97.22
3574,97.11
3575,96.93
3576,97.66
3577,97.15
3578,95.99
3579,96.08
3580,97.27
3581,97.96
3582,99.63
3583,99.82
3584,99.61
3585,99.78
3586,100.35
3587,100.97
3588,100.92
3589,101.14
3590,98.65
3591,97.61
3592,98.54
3593,99.44
3594,101.3
3595,100.79
3596,101.89
3597,100.63
3598,100.92
3599,100.09
3600,99.14
3601,98.22
3602,97.31
3603,96.98
3604,97.15
3605,97.33
3606,96.58
3607,96.96
3608,98.06
3609,97.18
3610,96.06
3611,95.14
3612,94.26
3613,94.2
3614,94.54
3615,94.18
3616,94.23
3617,94.19
3618,94.27
3619,94.23
3620,94.46
3621,94.85
3622,94.49
3623,93.15
3624,93.08
3625,92.34
3626,92.44
3627,92.23
3628,92.45
3629,93.32
3630,92.81
3631,92.69
3632,92.68
3633,92.0
3634,91.44
3635,91.58
3636,91.38
3637,90.83
3638,91.73
3639,91.44
3640,91.23
3641,91.73
3642,90.76
3643,90.84
3644,90.05
3645,90.58
3646,90.23
3647,91.27
3648,90.03
3649,90.4
3650,90.25
3651,90.62
3652,90.33
3653,90.48
3654,90.87
3655,90.1
3656,89.38
3657,91.25
3658,90.89
3659,91.83
3660,92.28
3661,91.11
3662,89.8
3663,93.07
3664,94.45
3665,96.48
3666,97.6
3667,98.7
3668,97.22
3669,97.72
3670,96.31
3671,94.07
3672,94.03
3673,93.5
3674,95.72
3675,94.8
3676,93.83
3677,98.38
3678,100.88
3679,99.51
3680,97.17
3681,98.24
3682,97.99
3683,96.39
3684,94.98
3685,96.39
3686,96.05
3687,97.08
3688,96.73
3689,96.97
3690,99.45
3691,100.1
3692,101.05
3693,101.56
3694,101.52
3695,101.5
3696,100.29
3697,99.49
3698,97.06
3699,99.0
3700,98.94
3701,100.48
3702,98.16
3703,97.69
3704,97.56
3705,98.05
3706,99.54
3707,99.24
3708,97.96
3709,97.35
3710,97.18
3711,98.04
3712,98.37
3713,97.49
3714,96.51
3715,96.02
3716,94.34
3717,93.76
3718,96.5
3719,95.2
3720,96.63
3721,97.12
3722,97.29
3723,97.51
3724,98.59
3725,100.15
3726,100.38
3727,100.39
3728,99.74
3729,98.87
3730,98.81
3731,99.19
3732,98.63
3733,99.92
3734,100.8
3735,100.26
3736,98.95
3737,99.84
3738,98.5
3739,97.89
3740,97.34
3741,97.12
3742,97.96
3743,98.38
3744,96.81
3745,96.75
3746,96.79
3747,96.19
3748,95.81
3749,95.52
3750,95.95
3751,96.85
3752,94.53
3753,94.52
3754,94.25
3755,94.85
3756,94.35
3757,93.56
3758,93.51
3759,94.06
3760,92.76
3761,92.62
3762,92.19
3763,92.08
3764,92.64
3765,92.22
3766,91.5
3767,91.92
3768,92.17
3769,91.94
3770,91.62
3771,91.3
3772,91.12
3773,90.72
3774,91.76
3775,91.87
3776,92.18
3777,92.52
3778,93.55
3779,93.68
3780,92.85
3781,93.43
3782,92.03
3783,92.46
3784,90.76
3785,91.47
3786,91.09
3787,91.98
3788,91.16
3789,92.01
3790,91.07
3791,90.54
3792,90.75
3793,91.92
3794,91.27
3795,92.63
3796,92.02
3797,90.96
3798,90.63
3799,92.2
3800,92.31
3801,91.53
3802,90.92
3803,89.57
3804,90.01
3805,89.47
3806,88.44
3807,88.39
3808,88.52
3809,88.62
3810,87.88
3811,87.94
3812,88.22
3813,88.0
3814,87.71
3815,87.83
3816,87.97
3817,87.62
3818,87.57
3819,87.19
3820,87.16
3821,86.94
3822,86.28
3823,86.62
3824,86.52
3825,86.52
3826,86.59
3827,86.9
3828,86.02
3829,86.38
3830,85.3
3831,85.26
3832,85.5
3833,85.9
3834,86.36
3835,86.49
3836,86.19
3837,85.94
3838,85.09
3839,85.36
3840,84.95
3841,85.97
3842,85.98
3843,84.95
3844,85.14
3845,84.87
3846,84.32
3847,84.24
3848,84.3
3849,84.34
3850,83.58
3851,83.26
3852,83.18
3853,83.28
3854,83.29
3855,82.76
3856,83.7
3857,85.17
3858,85.9
3859,85.18
3860,85.62
3861,86.33
3862,85.61
3863,84.33
3864,83.24
3865,83.14
3866,83.79
3867,83.73
3868,84.22
3869,85.38
3870,85.31
3871,85.7
3872,85.93
3873,86.78
3874,87.12
3875,87.59
3876,87.02
3877,85.91
3878,85.87
3879,85.61
3880,85.21
3881,85.12
3882,84.38
3883,84.15
3884,84.13
3885,84.7
3886,84.13
3887,83.85
3888,83.5
3889,83.27
3890,84.24
3891,83.49
3892,83.45
3893,83.99
3894,83.87
3895,83.56
3896,82.93
3897,82.44
3898,82.51
3899,82.44
3900,82.27
3901,81.51
3902,81.29
3903,80.92
3904,81.35
3905,81.09
3906,81.17
3907,81.5
3908,81.66
3909,81.83
3910,82.29
3911,81.62
3912,82.25
3913,81.96
3914,81.62
3915,81.41
3916,81.3
3917,81.36
3918,81.89
3919,81.61
3920,81.94
3921,82.03
3922,81.49
3923,81.26
3924,81.45
3925,80.44
3926,80.62
3927,81.61
3928,83.26
3929,83.99
3930,84.07
3931,84.29
3932,84.25
3933,84.65
3934,84.65
3935,85.27
3936,85.87
3937,84.66
3938,84.49
3939,83.58
3940,82.78
3941,82.24
3942,82.78
3943,82.19
3944,83.56
3945,82.92
3946,81.97
3947,80.54
3948,80.09
3949,80.59
3950,81.15
3951,81.0
3952,80.57
3953,80.18
3954,81.22
3955,81.41
3956,81.15
3957,82.31
3958,81.8
3959,81.71
3960,82.71
3961,84.28
3962,85.59
3963,84.5
3964,84.28
3965,83.88
3966,83.81
3967,84.25
3968,84.18
3969,84.12
3970,83.93
3971,85.18
3972,85.89
3973,84.87
3974,85.21
3975,85.34
3976,86.42
3977,87.64
3978,87.85
3979,88.82
3980,89.21
3981,89.97
3982,89.23
3983,89.87
3984,89.35
3985,88.95
3986,88.99
3987,86.97
3988,87.66
3989,87.04
3990,88.44
3991,87.8
3992,88.37
3993,88.88
3994,87.82
3995,87.06
3996,86.32
3997,87.47
3998,86.95
3999,87.02
4000,86.05
4001,86.81
4002,87.66
4003,86.53
4004,87.15
4005,85.99
4006,86.78
4007,86.51
4008,84.9
4009,84.67
4010,84.69
4011,85.5
4012,85.15
4013,85.38
4014,85.93
4015,87.86
4016,87.42
4017,86.13
4018,84.96
4019,84.29
4020,84.38
4021,85.15
4022,84.97
4023,87.42
4024,87.73
4025,85.7
4026,84.39
4027,83.43
4028,84.53
4029,86.29
4030,84.51
4031,86.23
4032,84.03
4033,87.69
4034,87.06
4035,85.63
4036,85.96
4037,88.69
4038,92.31
4039,91.82
4040,96.69
4041,99.19
4042,97.67
4043,97.72
4044,101.58
4045,100.87
4046,101.93
4047,104.32
4048,109.86
4049,120.64
4050,135.92
4051,131.44
4052,124.15
4053,119.08
4054,119.26
4055,123.2
4056,121.95
4057,123.48
4058,122.55
4059,128.84
4060,129.58
4061,128.38
4062,123.01
4063,122.97
4064,117.42
4065,124.47
4066,125.74
4067,124.25
4068,120.87
4069,121.84
4070,127.28
4071,130.87
4072,135.72
4073,133.62
4074,131.76
4075,126.65
4076,131.37
4077,150.94
4078,147.53
4079,147.81
4080,154.72
4081,159.41
4082,155.39
4083,149.18
4084,144.29
4085,138.28
4086,137.36
4087,139.4
4088,132.76
4089,130.62
4090,140.82
4091,138.29
4092,139.12
4093,136.1
4094,137.97
4095,141.26
4096,140.8
4097,142.58
4098,139.11
4099,135.46
4100,133.65
4101,137.06
4102,135.25
4103,134.58
4104,132.39
4105,134.69
